<!DOCTYPE hibernate-configuration PUBLIC
	"-//Hibernate/Hibernate Configuration DTD 3.0//EN"
	"http://www.hibernate.org/dtd/hibernate-configuration-3.0.dtd">
	
	<hibernate-configuration>
		<session-factory>
			<!-- SQL Connections Establish -->
			<property name="hibernate.dialect">org.hibernate.dialect.MySQLDialect</property>
			<property name="hibernate.connection.driver_class">com.mysql.jdbc.Driver</property>
			<property name="hibernate.connection.url">jdbc:mysql://localhost:3306/college_db</property>
			<property name="hibernate.connection.username">root</property>			
			<property name="hibernate.connection.password"></property>
			<property name="hibernate.show_sql">true</property>
			
			
			
			<property name="hibernate.hbm2ddl.auto">update</property>
	
			
			
			
			
			
			
			<!--   <mapping resource="com/resources/product.hbm.xml"/>--> 
			<mapping class="com.bean.product"/>
			<mapping class="com.bean.Electronics"/>
		</session-factory>
	</hibernate-configuration>