<!DOCTYPE hibernate-configuration PUBLIC
	"-//Hibernate/Hibernate Configuration DTD 3.0//EN"
	"http://www.hibernate.org/dtd/hibernate-configuration-3.0.dtd">
	
	
	<hibernate-configuration>
		<session-factory>
			<property name="hibernate.connection.driver_class">com.mysql.jdbc.Driver</property>
			<property name="hibernate.connection.url">jdbc:mysql://localhost:3306/college_db</property>
			<property name="hibernate.connection.username">root</property>
			<property name="hibernate.connection.password"></property>		
			<property name="hibernate.connection.pool_size">10</property>		
			<property name="hbm2ddl.auto">update</property>		 
			<property name="show_sql">true</property>
			<property name="hibernate.dialect">org.hibernate.dialect.MySQLDialect</property>		
			<mapping resource="resources/student.hbm.xml"/>
			</session-factory>
	</hibernate-configuration>