<!DOCTYPE hibernate-mapping PUBLIC 
    "-//Hibernate/Hibernate Mapping DTD 3.0//EN"
    "http://www.hibernate.org/dtd/hibernate-mapping-3.0.dtd">
    
    <hibernate-mapping>  
    		<class name="com.model.Employee" table="employees"> 
    			<id name="empid" column="emp_id">
    				<generator class="assigned"></generator>
    			</id>
    			
    			<property name="name" column="name"></property>
    			<property name="salary" column="salary"></property>
    			<property name="department" column="department"></property>
    			<property name="joingDate" column="joined_date"></property>
    		
    		</class>
    
    
    </hibernate-mapping>
    
    